,alpha,NUE
0,0.08,0.05073166666666667
1,0.08,0.05073166666666667
2,0.09,0.05061833333333333
3,0.09,0.05061833333333333
4,0.1,0.04986
5,0.11,0.04890833333333333
6,0.11,0.04890833333333333
7,0.12,0.047376666666666664
8,0.13,0.04546666666666667
9,0.13,0.04546666666666667
