,h_conductivity,NUE
0,1.0,0.048806666666666665
1,3.0,0.046029999999999995
2,5.0,0.043853333333333334
3,7.0,0.04281666666666667
4,9.0,0.04230333333333334
5,11.0,0.041275
6,13.0,0.040731666666666666
7,15.0,0.040543333333333334
8,17.0,0.04004666666666667
9,19.0,0.039946666666666665
