,leaching_fraction,NUE
0,0.8,0.05226458333333333
1,0.84,0.05169246031746032
2,0.88,0.05111931818181818
3,0.92,0.05035326086956521
4,0.96,0.04980034722222222
5,1.0,0.048806666666666665
6,1.04,0.048541666666666664
7,1.08,0.047574074074074074
8,1.12,0.04710119047619047
9,1.16,0.046317528735632184
