,n_empiric,NUE
0,1.89,0.05488833333333333
1,1.97,0.053581666666666666
2,2.05,0.05243833333333334
3,2.13,0.05105833333333334
4,2.21,0.05024666666666667
5,2.28,0.04901666666666667
6,2.36,0.048258333333333334
7,2.44,0.046933333333333334
8,2.52,0.045985000000000005
9,2.6,0.044776666666666666
