,resid_wc,NUE
0,0.05,0.05431
1,0.06,0.052315
2,0.06,0.052315
3,0.06,0.052315
4,0.07,0.05020666666666666
5,0.07,0.05020666666666666
6,0.08,0.04828333333333333
7,0.08,0.04828333333333333
8,0.09,0.04645166666666666
9,0.09,0.04645166666666666
