,root_depth,NUE
0,10.0,0.08954722222222222
1,12.0,0.08954722222222222
2,14.0,0.08954722222222222
3,16.0,0.08954722222222222
4,18.0,0.08954722222222222
5,20.0,0.08954722222222222
6,22.0,0.08954722222222222
7,24.0,0.08954722222222222
8,26.0,0.08954722222222222
9,28.0,0.08954722222222222
