,sat_wc,NUE
0,0.2,0.08954722222222222
1,0.22,0.08954722222222222
2,0.24,0.08954722222222222
3,0.26,0.08954722222222222
4,0.28,0.08954722222222222
5,0.3,0.08954722222222222
6,0.32,0.08954722222222222
7,0.34,0.08954722222222222
8,0.36,0.08954722222222222
9,0.38,0.08954722222222222
